server1,Real Password1
server2,Real Password2
server3,Real Password3
server4,Real Password4
server5,Real Password5
server6,Real Password6
server7,Real Password7
server8,Real Password8
server9,Real Password9
server10,Real Password10
server11,Real Password11
server12,Real Password12
server13,Real Password13
server14,Real Password14
server15,Real Password15
server16,Real Password16
server17,Real Password17
server18,Real Password18
server19,Real Password19
server20,Real Password20
server21,Real Password21
server22,Real Password22
server23,Real Password23
server24,Real Password24
server25,Real Password25
server26,Real Password26
server27,Real Password27
server28,Real Password28
